{
  "point_spearman": 0.8539565296511767,
  "point_rmse": 0.3528698682785034,
  "calib_error_raw": 0.22077579609543493,
  "calib_error_recalibrated": 0.015527367639104919,
  "variance_scale": 0.4502480562204262,
  "ause": 0.1705050009263071,
  "spearman_sigma_abserr": 0.5248394781212952,
  "nominal_levels": [
    0.1,
    0.2,
    0.30000000000000004,
    0.4,
    0.5,
    0.6,
    0.7000000000000001,
    0.8,
    0.9
  ],
  "observed_raw": [
    0.22670625542830597,
    0.4300430224807611,
    0.6099295077662648,
    0.7295441232907148,
    0.8105596962168494,
    0.870043830414672,
    0.9097537821406209,
    0.9387586095457392,
    0.9616433375749863
  ],
  "observed_recalibrated": [
    0.106445292775051,
    0.20707346139085822,
    0.3049142580136945,
    0.40271465794098044,
    0.5043527439455453,
    0.6025773091761094,
    0.6877739400917005,
    0.761598901209881,
    0.8389585731887131
  ]
}