{
  "wheel_only": 2.2756003249015726,
  "const_blend": 2.0855678625797314,
  "risk_gated": 2.041174038399606,
  "three_way": 2.1497916455140884,
  "learned_weight": 6.4544984266009,
  "learned_weight+unc": 6.493638378316251,
  "tuned": {
    "const_blend": {
      "blend": [
        0.25,
        0.0
      ]
    },
    "risk_only": {
      "blend": [
        0.25,
        0.0
      ],
      "tau_risk": 0.46195571571588506
    },
    "three_way": {
      "blend": [
        0.25,
        0.0
      ],
      "tau_risk": 0.46195571571588506,
      "tau_unc": 0.05507446842061149
    }
  },
  "label": "gt"
}