{
  "cost_curve": {
    "z": 0.0,
    "usages": [
      0.1,
      0.15000000000000002,
      0.2,
      0.25,
      0.30000000000000004,
      0.35,
      0.4,
      0.45000000000000007,
      0.5,
      0.55,
      0.6,
      0.65,
      0.7000000000000001,
      0.75,
      0.8,
      0.85,
      0.9,
      0.9500000000000001,
      1.0
    ],
    "accepted_error_risk_only": [
      0.05409616976976395,
      0.05920134112238884,
      0.061815522611141205,
      0.06562942266464233,
      0.07327554374933243,
      0.08146987110376358,
      0.0887344628572464,
      0.09626743197441101,
      0.10395163297653198,
      0.11075925081968307,
      0.11834985017776489,
      0.1255246102809906,
      0.1333169937133789,
      0.14148326218128204,
      0.14971940219402313,
      0.15879884362220764,
      0.17559100687503815,
      0.2105557918548584,
      0.28965795040130615
    ],
    "accepted_error_risk_unc": [
      0.05409616976976395,
      0.05920134112238884,
      0.061815522611141205,
      0.06562942266464233,
      0.07327554374933243,
      0.08146987110376358,
      0.0887344628572464,
      0.09626743197441101,
      0.10395163297653198,
      0.11075925081968307,
      0.11834985017776489,
      0.1255246102809906,
      0.1333169937133789,
      0.14148326218128204,
      0.14971940219402313,
      0.15879884362220764,
      0.17559100687503815,
      0.2105557918548584,
      0.28965795040130615
    ],
    "area_risk_only": 0.10631606504321096,
    "area_risk_unc": 0.10631606504321096
  },
  "operating_point": {
    "tau_risk": 0.14788517355918884,
    "tau_unc": 0.0528726801276207,
    "state_counts": {
      "SAFE": 15603,
      "RISKY": 13552,
      "UNCERTAIN": 20354
    },
    "state_mean_true_y": {
      "SAFE": 0.09112142026424408,
      "RISKY": 0.21329499781131744,
      "UNCERTAIN": 0.49269601702690125
    },
    "risk_safe_lo_unc_y": 0.09112142026424408,
    "risk_safe_hi_unc_y": 0.09826440364122391
  },
  "trajectory_ate": {
    "tuned": {
      "const_blend": {
        "blend": [
          0.25,
          0.0
        ]
      },
      "risk_only": {
        "blend": [
          0.25,
          0.0
        ],
        "tau_risk": 0.46195571571588506
      },
      "three_way": {
        "blend": [
          0.25,
          0.0
        ],
        "tau_risk": 0.46195571571588506,
        "tau_unc": 0.05507446842061149
      }
    },
    "wheel_only": 2.2756003249015726,
    "const_blend": 2.0855678625797314,
    "risk_only": 2.041174038399606,
    "three_way": 2.1497916455140884,
    "improvement_vs_wheel_pct": 5.52859296119699,
    "improvement_vs_risk_pct": -5.32133003218308
  }
}